name,category,lat,lon,dist_nearest_station_km
บริษัท กิจวาณิช คอนกรีต จำกัด,Cement/Quarry/Stone,14.5541,100.92047,3.1442683828972826
บริษัท เวลล์ เทค เอ็นจิเนียริ่ง เซนเตอร์แอนแมชชีน จำกัด,Cement/Quarry/Stone,14.548742,100.8554881,7.992574621881035
ห้างหุ้นส่วนจำกัด สระบุรีกุลประเสริฐ (1993),Waste/Recycling,14.56552,100.90337,4.993438812971496
บริษัท ปัญญาสตีล (2005) จำกัด,Waste/Recycling,14.56311,100.91206,4.356670363476368
บริษัท โชคพัฒนาค้าเหล็ก (1994) จำกัด,Waste/Recycling,14.55206,100.89367,4.50794963007079
ห้างหุ้นส่วนจำกัด เมคคานิเทค,Cement/Quarry/Stone,14.4598938591382,100.884063594,8.66157735181794
หน่วยผลิตคอนกรีตผสมเสร็จปากข้าวสาร,Cement/Quarry/Stone,14.4823261442557,100.9124799975,5.1077113448740015
บริษัท ไทยพีค่อนและอุตสาหกรรม จำกัด,Cement/Quarry/Stone,14.55467,100.96672,5.393167413420556
บริษัท ผลิตภัณฑ์ตราเพชร จำกัด (มหาชน),Cement/Quarry/Stone,14.55534,100.96736,5.492626522288406
บริษัท คอนวูด จำกัด,Cement/Quarry/Stone,14.55845,100.97191,6.092076851506025
บริษัท ผลิตภัณฑ์ตราเพชร จำกัด (มหาชน),Cement/Quarry/Stone,14.5553,100.96727,5.482173995464842
บริษัท สระบุรีสรรพกิจ จำกัด,Cement/Quarry/Stone,14.54857,100.9629,4.673640545250949
กิตติชัยซีเมนต์บล๊อก,Cement/Quarry/Stone,14.54807,100.96054,4.4295066496776565
บริษัท นนทบุรี เอ็นจิเนียริ่ง จำกัด,Cement/Quarry/Stone,14.5560996426267,100.9796841347,6.654102881590264
บริษัท ผลิตภัณฑ์ตราเพชร จำกัด (มหาชน),Cement/Quarry/Stone,14.5553,100.96732,5.486530522303572
บริษัท สระบุรี โซล่าร์ จำกัด,Power/Energy,14.5432949236765,100.9644692168,4.544937596866395
บริษัท สระบุรี โซล่าร์ จำกัด,Power/Energy,14.5523862,100.9559243,4.32753034223288
บริษัท อริยสิน จำกัด,Cement/Quarry/Stone,14.54883,100.93779,2.801746901360745
บริษัท ศุภภัณฑ์ คอนกรีต จำกัด,Cement/Quarry/Stone,14.55746,100.9253,3.4609865573776326
บริษัท พงศ์ศิริ คอนกรีต 2016 จำกัด,Cement/Quarry/Stone,14.5548594029997,100.926063996699,3.1708798674498504
บริษัท สยามไฟเบอร์ซีเมนต์กรุ๊ป จำกัด,Cement/Quarry/Stone,14.53646,100.94931,2.7450761472494576
บริษัท พี เอส ที คอนกรีต จำกัด,Cement/Quarry/Stone,14.5829536,100.8169747,12.880516056777534
ห้างหุ้นส่วนจำกัด มาลัย รุ่งเรืองกรุ๊ป,Waste/Recycling,14.5818905,100.7762689,15.480802946376672
บริษัท รุ่งเรืองสอดส่อง จำกัด,Cement/Quarry/Stone,14.6510316,100.8640536,3.9629319238546064
บริษัท เอส.เอส. คอนกรีตโปรดักส์ จำกัด,Cement/Quarry/Stone,14.65225,100.86419,3.827503116834101
บริษัท มากอตโต จำกัด,Cement/Quarry/Stone,14.5102682,100.7723625,16.63952823610412
ห้างหุ้นส่วนจำกัด สมอนงค์ เซอร์วิส,Waste/Recycling,14.6686599566677,100.8594031418,2.3412089163768166
บริษัท ทีทีวี คอนกรีต จำกัด,Cement/Quarry/Stone,14.59569,100.87658,9.37032368117234
บริษัท เอ.เอส.แมคเคมิคอล แอนด์ รีแฟคทอรี่ จำกัด,Cement/Quarry/Stone,14.56833,100.7854,15.84144915211408
บริษัท ทีพีไอ โพลีน จำกัด (มหาชน),Cement/Quarry/Stone,14.63973,101.1325,25.54517443095298
บริษัท สหชัยธุรกิจก่อสร้าง 1993 จำกัด,Cement/Quarry/Stone,14.62953,101.17353,28.999338954528888
บริษัท ๙ ปฏิมากร จำกัด,Waste/Recycling,14.64305,101.1921,31.43422799615495
บริษัท ศิลากาญจน์อุตสาหกรรม จำกัด,Cement/Quarry/Stone,14.7671921,101.1150219,27.6569946500044
บริษัท ซันฟู้ด อินเตอร์เนชั่นแนล จำกัด,Power/Energy,14.79746,101.11806,29.2270484703673
บริษัท สหชัยธุรกิจก่อสร้าง 1993 จำกัด,Cement/Quarry/Stone,14.84243,101.10569,30.57126559230684
ห้างหุ้นส่วนจำกัด สุขเกษมคอนกรีต,Cement/Quarry/Stone,14.8226075115125,101.1219019478,30.87729309925625
บริษัท วังม่วงคอนกรีต 2020 จำกัด,Cement/Quarry/Stone,14.8463986235168,101.1401614505,33.91399058332307
บริษัท จรัญธุรกิจ 52 จำกัด,Cement/Quarry/Stone,14.616431,100.89908,8.248874141348988
บริษัท ทรายปูนก่อสร้าง จำกัด,Cement/Quarry/Stone,14.573593,100.9278196,5.25742301260113
บริษัท ทีพีไอ โพลีน จำกัด (มหาชน),Power/Energy,14.6182687040146,100.9317228844,9.885715613870229
บริษัท ศิลาธงชัย จำกัด,Cement/Quarry/Stone,14.64297,100.88706,5.034094898560137
บริษัท นวคุณนวกิจ จำกัด,Cement/Quarry/Stone,14.6610883052854,100.9402675938,7.842382292866639
บริษัท นครหลวงวัสดุภัณฑ์ จำกัด,Cement/Quarry/Stone,14.62374,100.89537,7.348054080559777
บริษัท 168 พุแคคอนกรีต จำกัด,Cement/Quarry/Stone,14.6309753993379,100.9064146968,7.135683948786339
บริษัท ปูนซีเมนต์คุณภาพ จำกัด,Cement/Quarry/Stone,14.62773,100.88706,6.660895624783861
บริษัท วงกลม จำกัด ,Cement/Quarry/Stone,14.62875,100.88897,6.604770946643838
,Cement/Quarry/Stone,14.6033009744644,100.8960861128,9.144670342765563
นางเสนาะ คัมภิรานนท์,Waste/Recycling,14.6260871994879,100.8696491481,6.648225367678188
บริษัท ศิลาไทยสระบุรี จำกัด,Cement/Quarry/Stone,14.6860803,100.8627741,0.9923087510604116
โรงโม่ทวีบุญ,Cement/Quarry/Stone,14.7008,100.85917,2.1616868982365145
บริษัท ศิลาเลิศจิต จำกัด,Cement/Quarry/Stone,14.70333,100.88874,2.651168309967254
บริษัท ศิลาสินทรัพย์ จำกัด,Cement/Quarry/Stone,14.70101,100.85805,2.257885015348058
บริษัท กรุงเทพแต่งแร่ จำกัด,Cement/Quarry/Stone,14.68204,100.85951,1.407701398553203
เมฆรารัตน์,Cement/Quarry/Stone,14.70159,100.85664,2.4078725677419817
บริษัท เมฆรารัตน์ จำกัด,Cement/Quarry/Stone,14.70155,100.85664,2.4046381491049225
บริษัท ดาวหน้าพระลานกรุ๊ป (1994) จำกัด,Cement/Quarry/Stone,14.69636,100.88209,1.5965415334773705
บริษัท คูเปงเซ็ง เคมีภัณฑ์ 555 จำกัด,Cement/Quarry/Stone,14.68432,100.86183,1.106347970696756
บริษัท ศิลาชัยเจริญ จำกัด,Cement/Quarry/Stone,14.711684,100.8928805,3.648066995238133
บริษัท สหศิลาเพิ่มพูล จำกัด,Cement/Quarry/Stone,14.70167,100.85282,2.7120409828124594
โรงโม่หินศิลาชัย,Cement/Quarry/Stone,14.70756,100.86209,2.640441296512512
ห้างหุ้นส่วนจำกัด ศิลาพรพิศ,Cement/Quarry/Stone,14.70985,100.86185,2.884926168428696
บริษัท โรงโม่หน้าพระลาน จำกัด,Cement/Quarry/Stone,14.69532,100.87685,1.1770349374801183
บริษัท ศิลามหานคร จำกัด,Cement/Quarry/Stone,14.70723,100.86222,2.601225972475243
บริษัท ศิลาคุ้งเขาเขียว จำกัด,Cement/Quarry/Stone,14.70653,100.8593,2.6760349370188665
โรงโม่หินสระบุรีศิลากิจ,Cement/Quarry/Stone,14.69722,100.86283,1.6047373552887456
บริษัท ศิลาสานนท์ จำกัด,Cement/Quarry/Stone,14.70287,100.85325,2.76663244606376
บริษัท สหศิลาเพิ่มพูล จำกัด,Cement/Quarry/Stone,14.70091,100.85215,2.714249488389322
บริษัท ไกรสิน จำกัด,Cement/Quarry/Stone,14.7118,100.8996,4.141480849481072
ศิลาเจริญกิจ,Cement/Quarry/Stone,14.70595,100.86398,2.397313484583774
บริษัท ส.ศิลาทองสระบุรี จำกัด,Cement/Quarry/Stone,14.7064,100.86788,2.3294012724326785
ห้างหุ้นส่วนจำกัด จงชนะคอนสตรัคชั่น,Cement/Quarry/Stone,14.6864107,100.8631876,0.9496251410170274
ศิลาทรายกรีต,Cement/Quarry/Stone,14.7233,100.90569,5.52171289057774
ห้างหุ้นส่วนจำกัด ดาวมหาราชบ้านหมอ,Cement/Quarry/Stone,14.70553,100.86883,2.21652043044306
บริษัท ศิลาทองมา จำกัด,Cement/Quarry/Stone,14.71686,100.9017,4.702081410820602
ห้างหุ้นส่วนจำกัด ศิลานิล,Cement/Quarry/Stone,14.7081205,100.860556,2.766904916069692
บริษัท ศิลาสากล สระบุรี จำกัด,Cement/Quarry/Stone,14.730151,100.913781,6.66939921815913
บริษัท สานนท์ จำกัด,Cement/Quarry/Stone,14.70777,100.85389,3.1213078895624093
บริษัท พรพิศศิลา จำกัด,Cement/Quarry/Stone,14.68311,100.85878,1.4534395287133397
บริษัท พรรณทิพาแคลเซียม จำกัด,Cement/Quarry/Stone,14.70088,100.85509,2.471022825494867
บริษัท ศิลาภูพระลาน จำกัด,Cement/Quarry/Stone,14.7060191,100.8730396,2.247396754911462
บริษัท เหมืองหินศิริพัฒนาหน้าพระลาน จำกัด,Cement/Quarry/Stone,14.70395,100.89033,2.819029655679804
บริษัท สินชัย1992 จำกัด,Cement/Quarry/Stone,14.6284260835077,100.9271136644,8.712320571627552
บริษัท โรงโม่หินทรัพย์ทวีสิน จำกัด,Cement/Quarry/Stone,14.709673259822,100.8910514375,3.350812415188614
บริษัท ไมล์สโตน คอนสตรัคชัน จำกัด,Cement/Quarry/Stone,14.69248,100.89633,2.719736081831957
บริษัท ทองอินทร์ การโยธา 2019 จำกัด,Cement/Quarry/Stone,14.7091241698142,100.8732453954,2.5933438929344312
บริษัท ส.สุคนธชาติ จำกัด,Cement/Quarry/Stone,14.608100384231,100.8944791054,8.975523843441751
บริษัท ที.ดี.ดี. ก่อสร้าง จำกัด,Cement/Quarry/Stone,14.5310795338882,100.9057461535,2.2477409380213764
บริษัท ไลม์มาสเตอร์ จำกัด,Cement/Quarry/Stone,14.70395,100.89033,2.819029655679804
สัมพันธ์,Cement/Quarry/Stone,14.70093,100.85219,2.7122430538190985
ห้างหุ้นส่วนจำกัด ศรีแสงไทย สระบุรี,Cement/Quarry/Stone,14.70893,100.90633,4.498124502972964
บริษัท ทิพย์เคมี จำกัด ,Cement/Quarry/Stone,14.69557,100.87852,1.2902176847978677
บริษัท สยาม พี.พี. อินเตอร์เนชั่นแนล จำกัด,Cement/Quarry/Stone,14.708796,100.907955,4.634461687766011
ห้างหุ้นส่วนจำกัด โกวิทปูนขาว,Cement/Quarry/Stone,14.69329,100.86878,0.89844147982966
บริษัท แอลไพน์ คอนกรีต โปรดักท์ จำกัด,Cement/Quarry/Stone,14.70745,100.90751,4.513144059333511
บริษัท ซีวิลเอนจิเนียริ่ง จำกัด,Cement/Quarry/Stone,14.73701,100.90966,6.985109782710506
บริษัท กิจธนาทรัพย์ จำกัด,Cement/Quarry/Stone,14.70574,100.89603,3.403267939441183
บริษัท ธวัชชัยหินอ่อน สระบุรี จำกัด,Cement/Quarry/Stone,14.5629053295876,100.9158162142,4.212030398203546
พูนธนะกลการ,Cement/Quarry/Stone,14.69918,100.8629,1.7775796048766566
บริษัท กูรู มิล จำกัด,Waste/Recycling,14.7002296,100.9112279,4.51317978600532
บริษัท ไพโร เอนเนอร์ยี่ จำกัด,Waste/Recycling,14.697825,100.928413,6.212954549410889
ห้างหุ้นส่วนจำกัด ยุทธวัฒน์การช่าง,Cement/Quarry/Stone,14.5761,100.99591,9.335407210918738
โรงงานเก็บและบดถ่านหิน ลิกไนท์ บริษัท ปูนซีเมนต์นครหลวง จำกัด,Cement/Quarry/Stone,14.626945,101.087516,20.66598024915017
โรงงานบริษัท ปูนซีเมนต์นครหลวง จำกัด (มหาชน),Cement/Quarry/Stone,14.627088,101.087043,20.63182298909468
โรงงานปูนซีเมนต์บริษัท ทีพีไอ โพลีน จำกัด (มหาชน) (โรงที่ 4),Cement/Quarry/Stone,14.63929,101.13155,25.432134735824388
ปูนซิเมนต์บริษัท ทีพีไอ โพลีน จำกัด (มหาชน) โรงที่ 3,Cement/Quarry/Stone,14.63634,101.11393,23.630433023003352
บริษัท ปูนซีเมนต์นครหลวง จำกัด (มหาชน),Cement/Quarry/Stone,14.629478,101.099329,21.89192057060686
บริษัท ทีพีไอ โพลีน จำกัด (มหาชน),Cement/Quarry/Stone,14.63634,101.11392,23.62951226439399
บริษัท เคมีแมน จำกัด (มหาชน),Cement/Quarry/Stone,14.59008,101.12309,22.35963233426726
บริษัท เอส.อาร์.พี.ทราฟฟิค จำกัด,Cement/Quarry/Stone,14.59326,101.03517,13.903000043945273
บริษัท ทีพีไอ โพลีน จำกัด (มหาชน),Cement/Quarry/Stone,14.63848,101.12771,25.028676831814423
โรงงานผลิตปูนซีเมนต์สำเร็จรูป (มอร์ต้า),Cement/Quarry/Stone,14.626179,101.099181,21.688441119179924
บริษัท ทีพีไอ โพลีน จำกัด (มหาชน),Cement/Quarry/Stone,14.63627,101.11389,23.622724317506385
บริษัท ซันไชน์ เอนจิเนียริ่ง แอนด์ คอนสตรัคชั่น จำกัด,Cement/Quarry/Stone,14.5936,101.0444,14.770807371654788
ห้างหุ้นส่วนจำกัด นิธิกร เอ็นจิเนียริ่ง,Cement/Quarry/Stone,14.59739,101.04447,14.99489791611239
บริษัท ทีพีไอ โพลีน เพาเวอร์ จำกัด (มหาชน),Power/Energy,14.5894014532301,100.9949495953,10.205720196000364
บริษัท สยามซิตี้ พาวเวอร์ จำกัด,Power/Energy,14.571413,100.9698016,6.876989291085343
บริษัท สยามซิตี้ พาวเวอร์ จำกัด,Cement/Quarry/Stone,14.571413,100.9698016,6.876989291085343
บริษัท ทีพีไอโพลีน จำกัด (มหาชน),Cement/Quarry/Stone,14.63632,101.11392,23.628361993212597
บริษัท ปูนซีเมนต์นครหลวง จำกัด (มหาชน),Cement/Quarry/Stone,14.627173,101.087935,20.71761001979116
บริษัท ปูนซิเมนต์นครหลวง จำกัด (มหาชน) โรงงาน 2,Cement/Quarry/Stone,14.629362,101.099359,21.88792152137601
บริษัท ปูนซิเมนต์นครหลวง จำกัด (มหาชน) โรงงาน 3,Cement/Quarry/Stone,14.632696,101.076938,20.08795769268133
บริษัท พีเอส เพอร์เฟค อินเตอร์ กรุ๊ป จำกัด,Waste/Recycling,14.6012783,101.097541,20.25025528415016
นางนิตยา เดชบาล,Waste/Recycling,14.5881468073158,101.0769200304,17.632141970437075
บริษัท อินทรี อีโคไซเคิล จำกัด ,Waste/Recycling,14.635288,101.107666,22.99450441123617
บริษัท แก่งคอยคอนกรีต จำกัด,Cement/Quarry/Stone,14.57613,100.99448,9.213896539556655
บริษัท สี่แสงการโยธา (1979) จำกัด,Cement/Quarry/Stone,14.5625,100.97443,6.578953657960748
บริษัท เอสดี คอนกรีต โปรดักท์ จำกัด,Cement/Quarry/Stone,14.53557,101.00786,8.865758657519402
บริษัท เมกกา ลิ้งซ์ จำกัด,Cement/Quarry/Stone,14.5475024563471,101.0061401449,8.936140727224133
ห้างหุ้นส่วนจำกัด จินตนา คอลกรีต บล๊อค,Cement/Quarry/Stone,14.5600916,101.0047874,9.268659703747964
บริษัท เอสดี คอนกรีต โปรดักส์ จำกัด,Cement/Quarry/Stone,14.5360771847583,101.0068746265,8.767190180535222
บริษัท กรีน เยลโล โซล่าร์1 (ไทยแลนด์) จำกัด,Power/Energy,14.5806985999531,100.9817322564,8.511737047055108
บริษัท เวสท์ รีโคเวอรี่ จำกัด,Waste/Recycling,14.5541,100.9806,6.633500991663854
บริษัท เวสท์ รีโคเวอรี่ จำกัด,Waste/Recycling,14.5541,100.9806,6.633500991663854
ห้างหุ้นส่วนจำกัด แอล.เอช.พี.คอนสตรัคชั่น,Cement/Quarry/Stone,14.4636613608268,101.000916339,10.655722085069966
ห้างหุ้นส่วนจำกัด ปากช่อง เอส.พี.อินดัสทรี่,Cement/Quarry/Stone,14.52582,101.00172,8.145681157817762
บริษัท เบตเตอร์ เวิลด์ กรีน จำกัด (มหาชน),Waste/Recycling,14.462144,100.989997,9.91752467693592
ห้างหุ้นส่วนจำกัด ช.โชควิวัฒน์,Waste/Recycling,14.5238637,100.9929995,7.2120981819775904
บริษัท เบตเตอร์ เวิลด์ กรีน จำกัด (มหาชน),Waste/Recycling,14.46337,100.99152,9.935479045946552
บริษัท ภูมิใจไทยซีเมนต์ จำกัด,Cement/Quarry/Stone,14.73712,101.0374,18.68089589743292
บริษัท เพรซิเดนท์ สแครป (ประเทศไทย) จำกัด,Waste/Recycling,14.6267133,101.0087826,14.277102113445276
บริษัท ปูนซิเมนต์ไทย (แก่งคอย) จำกัด,Cement/Quarry/Stone,14.64004,101.03181,17.010890780106564
บริษัท ปูนซิเมนต์ไทย (แก่งคอย) จำกัด,Cement/Quarry/Stone,14.64004,101.03181,17.010890780106564
บริษัท ปูนซิเมนต์ไทย (แก่งคอย)จำกัด,Cement/Quarry/Stone,14.647088,101.034599,17.796575278002972
บริษัท ปูนซีเมนต์ไทย (แก่งคอย) จำกัด,Cement/Quarry/Stone,14.64004,101.03181,17.010890780106564
บริษัท ปูนซิเมนต์ไทย(แก่งคอย) จำกัด (โรงงานมอร์ตาร์แก่งคอย),Cement/Quarry/Stone,14.6434,101.03305,17.378438195854045
โรงงานคอนกรีตผสมเสร็จแก่งคอย,Cement/Quarry/Stone,14.60764,101.04205,15.413497703664785
หินกองซีเมนต์บล๊อกแก่งคอย,Cement/Quarry/Stone,14.58564,101.01533,11.653776029005666
หน่วยผลิตคอนกรีตผสมแก่งคอย,Cement/Quarry/Stone,14.6222378953989,101.0160389348,14.404604338620237
บริษัท กรุงธน-ไทยโปรดักส์ จำกัด,Cement/Quarry/Stone,14.621913,101.012459,14.121253394728742
บริษัท มายคอนกรีต จำกัด,Cement/Quarry/Stone,14.58879,101.02252,12.490840947331034
บริษัท เอสซีจี ซิเมนต์ จำกัด,Power/Energy,14.5894014532301,100.9949495953,10.205720196000364
บริษัท ปูนซิเมนต์ไทย (แก่งคอย) จำกัด,Cement/Quarry/Stone,14.64004,101.03181,17.010890780106564
บริษัท เอไอคิว เอ็นเนอร์ยี่ จำกัด (สหกรณ์การเกษตรเพื่อการตลาด ธกส.สระบุรี),Power/Energy,14.5894014532301,100.9949495953,10.205720196000364
บริษัท พรีคาส โปรดักส์ จำกัด,Cement/Quarry/Stone,14.401607,101.099416,23.25562900551474
บริษัท ปูนขาวและแร่ จำกัด,Cement/Quarry/Stone,14.64135,100.96277,10.946139163621403
บริษัท เจ้าคุณเกษตรพืชผล จำกัด,Power/Energy,14.5992,101.00924,12.074586385059114
บริษัท ปูนขาวและแร่ จำกัด,Waste/Recycling,14.6354765268848,100.9498065646,10.070620337330576
บริษัท บี.เค.เค.เทอร์รัสซ่า จำกัด,Cement/Quarry/Stone,14.50948,101.01212,9.4531088178536
บริษัท อินฟินิทกรีน จำกัด,Power/Energy,14.4910317,101.0356354,12.433331693125544
บริษัท อินฟินิท กรีน จำกัด,Power/Energy,14.5560378060072,101.0759851652,16.472627598967552
บริษัท ทีเออาร์เอฟ จำกัด,Cement/Quarry/Stone,14.527193,101.010242,9.063249920128694
บริษัท พี พาวเวอร์ โปรเกรสชั่น เอนไวรอน จำกัด,Waste/Recycling,14.4454431943013,101.0621172445,17.190814801971346
บริษัท ประภาศิริ ออยล์ จำกัด,Waste/Recycling,14.4434986981417,101.0573950955,16.876791576848944
บริษัท เอ็นซีที ซัพพลาย จำกัด,Waste/Recycling,14.33824,100.86695,21.862812853408258
บริษัท บัญชากิจ จำกัด,Cement/Quarry/Stone,14.38852,100.7984,20.58558069829559
บริษัท เอลล์บา บางกอก จำกัด,Power/Energy,14.3903552033258,100.91368515513,15.179622493324905
บริษัท อายิโนะโมะโต๊ะ (ประเทศไทย) จำกัด,Power/Energy,14.3873697066618,100.913880097456,15.508556740130244
บริษัท แซง-โกแบ็ง เวเบอร์ จำกัด,Cement/Quarry/Stone,14.40064,100.91786,14.005304442725889
บริษัท รุ่งเรือง เมดิคอล คอมโพเน้นท์ จำกัด,Power/Energy,14.3888497127079,100.91349506862,15.348176758337909
บริษัท ซิก้า (ประเทศไทย) จำกัด,Cement/Quarry/Stone,14.3902868111689,100.918495897456,15.150589774022077
บริษัท ควอลิตี้ คอนกรีต โปรดักส์ จำกัด,Cement/Quarry/Stone,14.44631,100.89957,9.344639170869277
บริษัท เน็กซ์ แคน อินโนเวชั่น จำกัด,Power/Energy,14.3891573738125,100.911870097456,15.330531476777487
บริษัท ปอแก้ววิศวกรรม จำกัด,Cement/Quarry/Stone,14.39224,100.93694,14.957628974696544
บริษัท สยามซานิทารีแวร์อินดัสทรี จำกัด,Power/Energy,14.3962586,100.8535432,16.436896790858192
บริษัท ทรัพย์สมบูรณ์ (999) จำกัด,Waste/Recycling,14.39388,100.94506,14.870798963671048
บริษัท อาร์เด็กซ์(ประเทศไทย) จำกัด,Cement/Quarry/Stone,14.3879261,100.834566,18.273355744305864
บริษัท ปูนซิเมนต์ไทย (ท่าหลวง) จำกัด,Cement/Quarry/Stone,14.38758,100.82972,18.591756941255547
บริษัท เอสซีจี แลนด์สเคป จำกัด,Cement/Quarry/Stone,14.38758,100.82972,18.591756941255547
บริษัท ผลิตภัณฑ์คอนกรีตซีแพค จำกัด,Cement/Quarry/Stone,14.38758,100.82972,18.591756941255547
บริษัท มากอตโต จำกัด,Cement/Quarry/Stone,14.4087,100.85599,15.100222709704374
บริษัท เอเชียพลาสเตอร์ จำกัด,Cement/Quarry/Stone,14.30726,100.82904,26.50649552499917
พี.เอ็ม.ซี.คอนกรีตบล๊อก,Cement/Quarry/Stone,14.30347,100.82928,26.884329354277764
ห้างหุ้นส่วนจำกัด ดวงแข ยิ่งเจริญ,Waste/Recycling,14.3221555,100.8307482,24.916311835458707
ห้างหุ้นส่วนจำกัด วัชราภาคอนกรีตบล๊อก,Cement/Quarry/Stone,14.3853,100.88643,16.253042171927287
บริษัท พิค แอนด์ เปย์ จำกัด,Cement/Quarry/Stone,14.41113,100.89114,13.35101871075734
บริษัท บูชาธรรมคอนสตรัคชั่น จำกัด,Cement/Quarry/Stone,14.40706,100.87259,14.458650926843536
TPL ร้านทิพย์ไพลิน,Cement/Quarry/Stone,14.42313,100.8932,12.009279053189276
บริษัท พี.เอ็น.วัสดุคอนกรีต จำกัด,Cement/Quarry/Stone,14.41993,100.89287,12.359997927099531
สหกมลหินกอง,Cement/Quarry/Stone,14.41183,100.89121,13.27421479157209
บริษัท ทิพย์รุ่งเรือง รีไฟนิ่ง จำกัด,Waste/Recycling,14.386721,100.8679914,16.736479361587637
บริษัท ส.อภิชาติอุตสาหกรรม จำกัด,Cement/Quarry/Stone,14.43688,100.89681,10.433957200278552
หินกองซีเมนต์บล๊อก,Cement/Quarry/Stone,14.42491,100.89342,11.81320304843698
บริษัท พี.ซี.ไอ.คอนกรีตอุตสาหกรรม จำกัด,Cement/Quarry/Stone,14.43507,100.89641,10.638856886293516
บริษัท ออโต้ คอนกรีต โปรดักส์ จำกัด,Cement/Quarry/Stone,14.4250404300651,100.8961541992,11.71508870203357
บริษัท ซันโทรี่ เป๊ปซี่โค เบเวอเรจ (ประเทศไทย) จำกัด,Power/Energy,14.390794402835,100.899226710947,15.34647376671167
โรงงานคอนกรีตผสมเสร็จ หนองแค 2,Cement/Quarry/Stone,14.35639,100.87508,19.67870479490584
สระบุรีไชยเสนีย์,Cement/Quarry/Stone,14.44783,100.9011,9.134036473530184
บริษัท ดี สแควร์ กรุ๊ป จำกัด,Cement/Quarry/Stone,14.44569,100.89887,9.43342047170063
บริษัท ดี สแควร์ กรุ๊ป จำกัด,Cement/Quarry/Stone,14.44771,100.89956,9.196839379581933
บริษัท คนอฟ ยิปซั่ม (ประเทศไทย) จำกัด,Cement/Quarry/Stone,14.3849016,100.8462357,17.922253148264605
บริษัท ธรรมสรณ์ จำกัด,Waste/Recycling,14.38056,100.85501,17.92432195027881
โรงไฟฟ้าหนองแค2,Power/Energy,14.367971,100.835332,20.1378520631118
บริษัท สยามเวสท์แมเนจเม้นท์ คอนซัลแทนท์ (เอเซี่ยน) จำกัด,Waste/Recycling,14.38056,100.85509,17.9206477164239
บริษัท เอสซีจี รูฟฟิ่ง จำกัด,Cement/Quarry/Stone,14.37462,100.83346,19.59631944406098
บริษัท นอริตาเก้ เอสซีจี พลาสเตอร์ จำกัด,Cement/Quarry/Stone,14.38177,100.83548,18.80236979601995
บริษัท ทวีคูณ คอนกรีต จำกัด,Cement/Quarry/Stone,14.28365,100.83801,28.60341677622264
ห้างหุ้นส่วนจำกัด คลองสิบ รีไซเคิล,Waste/Recycling,14.270007017428,100.8300364454,30.32099960992802
ห้างหุ้นส่วนจำกัด ป.ประวิทย์รุ่งเรือง,Waste/Recycling,14.298075,100.9327272,25.39243710791732
บริษัท จระเข้ คอร์ปอเรชั่น จำกัด,Cement/Quarry/Stone,14.37079,100.96547,17.80999515287441
บริษัท 17 อัญญวีร์ โฮลดิ้ง จำกัด (บ้านลำ 1 โซลาร์ฟาร์ม),Power/Energy,14.356843491646,100.9531231965,19.07166596285966
บริษัท 17 อัญญวีร์ โฮลดิ้ง จำกัด (บ้านลำ 2 โซล่าร์ฟาร์ม),Power/Energy,14.3586124431212,100.954906421,18.90791090510456
ห้างหุ้นส่วนจำกัด โชคพงศ์พร สตีล,Waste/Recycling,14.37402,100.96035,17.335613362945367
บริษัท เอคอน โปรดักส์ กรุ๊ป จำกัด,Cement/Quarry/Stone,14.3291602739023,101.0139716096,23.88280398793147
บริษัท อิตาเลียนไทย ดีเวล๊อปเมนต์ จำกัด (มหาชน),Cement/Quarry/Stone,14.32576,100.98418,23.1657313047042
บริษัท อิตาเลียนไทย ดีเวล๊อปเมนต์ จำกัด(มหาชน),Cement/Quarry/Stone,14.32585,100.98414,23.15493174462271
บริษัท อิตาเลียนไทย ดีเวล๊อปเมนต์ จำกัด (มหาชน),Cement/Quarry/Stone,14.32581,100.98414,23.159214311508585
บริษัท อิตาเลี่ยนไทย ดีเวล๊อปเมนต์ จำกัด (มหาชน),Cement/Quarry/Stone,14.32581,100.98418,23.160378277243016
บริษัท อิตาเลียนไทย ดีเวล๊อปเมนต์ จำกัด(มหาชน),Cement/Quarry/Stone,14.3175924170678,100.9991635231,24.511156277571807
บริษัท อิตาเลียนไทย ดีเวล๊อปเมนต์ จำกัด(มหาชน),Cement/Quarry/Stone,14.3253780853528,100.9873989539,23.30252547796262
บริษัท อิตาเลียนไทย ดีเวล๊อปเมนต์ จำกัด(มหาชน),Cement/Quarry/Stone,14.3176809511508,100.9858043922,24.07807445456925
บริษัท อิตาเลียนไทยดีเวล๊อปเมนต์ จำกัด (มหาชน),Cement/Quarry/Stone,14.3274066419051,100.9871752343,23.079413434212952
บริษัท อิตาเลี่ยนไทย ดีเวล๊อปเมนต์ จำกัด (มหาชน),Cement/Quarry/Stone,14.32581,100.98397,23.15427574458697
บริษัท อิตาเลียนไทยดีเวล๊อปเมนต์ จำกัด (มหาชน),Cement/Quarry/Stone,14.32581,100.98414,23.159214311508585
ขวัญชัย,Waste/Recycling,14.310778,100.955258,24.17528194712351
นางสาวอัชฎา ศรีประพัฒนาวงศ์,Waste/Recycling,14.3497518968605,101.0021671277,21.27821013624181
บริษัท อิตาเลียนไทย ดีเวลล๊อปเมนต์ คอร์ปอเรชั่น จำกัด (มหาชน),Cement/Quarry/Stone,14.32572,100.98405,23.166235194681164
ห้างหุ้นส่วนจำกัด ฐานมั่นคงการค้า,Cement/Quarry/Stone,14.5891795,100.6744197,23.81894674084857
บริษัท สยามไฟเบอร์ซีเมนต์กรุ๊ป จำกัด,Cement/Quarry/Stone,14.58288,100.7551,17.006554147658218
ห้างหุ้นส่วนจำกัด นิลศิริซีเมนต์บล๊อก,Cement/Quarry/Stone,14.58512,100.73678,18.35869457957985
บริษัท พรชัยคอนกรีต 2015 จำกัด,Cement/Quarry/Stone,14.6009367,100.7347322,17.526732772216572
บริษัท ทาทา สตีล การผลิต (ประเทศไทย) จำกัด (มหาชน),Cement/Quarry/Stone,14.572494,100.755791,17.75221504637367
บริษัท เค.บี.เค. เกษตรภัณฑ์ จำกัด,Waste/Recycling,14.61042,100.75699,14.946384935732793
ห้างหุ้นส่วนจำกัด สุพัตรา วัสดุและก่อสร้าง,Cement/Quarry/Stone,14.647792,100.7577315,12.999091705562355
ห้างหุ้นส่วนจำกัด เอส.พี.ที.เซอร์วิส,Cement/Quarry/Stone,14.63171,100.75115,14.32552525295464
สหกรณ์โคนมไทย-เดนมาร์ค (พระพุทธบาท) จำกัด,Power/Energy,14.630842,100.753166,14.170415630977876
ห้างหุ้นส่วนจำกัด เอส.พี.ที.เซอร์วิส,Waste/Recycling,14.630426,100.757647,13.757795742748716
บริษัท สยามอุตสาหกรรมวัสดุทนไฟ จำกัด,Cement/Quarry/Stone,14.57661,100.76656,16.6187522874805
บริษัท ปูนซีเมนต์ไทย (ท่าหลวง) จำกัด,Cement/Quarry/Stone,14.57652,100.7666,16.623132854353585
บริษัท เอสซีจี ซิเมนต์ จำกัด,Power/Energy,14.5768665512269,100.7646159979,16.741552254728603
บริษัท ปูนซิเมนต์ไทย (ท่าหลวง) จำกัด โรงงานท่าหลวง,Cement/Quarry/Stone,14.57656,100.7666,16.619880140218584
บริษัท สยามเทคนิคคอนกรีต จำกัด (มหาชน),Cement/Quarry/Stone,14.58915,100.62841,28.32585235989657
บริษัท ยูนิค อินโนเวชั่น จำกัด,Cement/Quarry/Stone,14.6782522170687,100.7486784781,13.291295747474898
พี.เค.รุ่งเรือง,Waste/Recycling,14.683752,100.704325,18.03663821098261
บริษัท วี.พี.พัฒนาคอนกรีต จำกัด,Cement/Quarry/Stone,14.73888,100.77052,12.405682208548551
บริษัท ห้าดาวเคมีภัณฑ์ จำกัด,Waste/Recycling,14.7035681,100.7819683,9.88195959160231
บริษัท อ.ศิริค้าวัสดุ 1997 จำกัด,Cement/Quarry/Stone,14.71462,100.82222,6.237622212332076
ห้างหุ้นส่วนจำกัด เกษมปูนมาร์ล และปูนขาว,Cement/Quarry/Stone,14.71761,100.79879,8.630135256759221
ห้างหุ้นส่วนจำกัด พรีเมียมบล็อก ไมนิ่ง,Cement/Quarry/Stone,14.7064994,100.8383519,4.286668305482936
บริษัท สยามเทคนิคคอนกรีต จำกัด (มหาชน),Cement/Quarry/Stone,14.782359,100.5026296,41.14566806587538
บริษัท ปูนขาวเคมีอุตสาหกรรม จำกัด,Cement/Quarry/Stone,14.74611,100.80366,9.946684413732088
โรงงานโชคชัยปูนมาร์ล,Cement/Quarry/Stone,14.7379,100.80004,9.664819343183911
บริษัท เอกลักษณ์หินอ่อน จำกัด,Cement/Quarry/Stone,14.74317,100.80353,9.739998314334732
เบียร์ รีไซเคิล,Waste/Recycling,14.7421538493816,100.7885360649,10.944783173805009
ห้างหุ้นส่วนจำกัด เทียรประเสริฐ,Cement/Quarry/Stone,14.7525815505878,100.745081958,15.536560690769308
นิยมชัย,Cement/Quarry/Stone,14.75664,100.90729,8.740556682158681
บริษัท รุ่งอรุณศิลา จำกัด,Cement/Quarry/Stone,14.7563,100.90685,8.685992961646829
บริษัท น่ำเฮงศิลา จำกัด,Cement/Quarry/Stone,14.75227,100.88972,7.629410671299966
บริษัท ศิลาสากล สระบุรี จำกัด,Cement/Quarry/Stone,14.739045,100.91303,7.381452275514383
บริษัท โรงโม่หินสระบุรี (2018) จำกัด,Cement/Quarry/Stone,14.7444175860904,100.9135817877,7.901842819007466
บริษัท นิยมชัยรวมขนส่ง จำกัด,Cement/Quarry/Stone,14.75551,100.9089,8.705114615547764
บริษัท เหมราฎ การสร้าง จำกัด,Cement/Quarry/Stone,14.7564027469758,100.8630036691,7.906365578013158
สระบุรีคอนกรีต,Cement/Quarry/Stone,14.756525,100.840282,8.568641468293393
บริษัท เหมราฎ การสร้าง จำกัด,Cement/Quarry/Stone,14.7564027469758,100.8630036691,7.906365578013158
บริษัท ซีวิลเอนจิเนียริง จำกัด,Cement/Quarry/Stone,14.739724,100.9112,7.327109369188268
บริษัท ก้องอรุณคอนกรีต จำกัด,Cement/Quarry/Stone,14.7406612,100.7863954,11.041898936877791
บริษัท ปูนซิเมนต์ไทย จำกัด (มหาชน),Cement/Quarry/Stone,14.67804,100.8519,2.3288301610673656
บริษัท สหพงศ์นราพันธ์ จำกัด,Cement/Quarry/Stone,14.68224,100.85848,1.5077203925181206
บริษัท สหอุดมศิลา จำกัด,Cement/Quarry/Stone,14.6822,100.85841,1.516161116910112
บริษัท ปูนซิเมนต์ไทย(ท่าหลวง) จำกัด,Cement/Quarry/Stone,14.67916,100.85162,2.3139173198260847
บริษัท ปูนซิเมนต์ไทย (ท่าหลวง) จำกัด,Cement/Quarry/Stone,14.67916,100.85162,2.3139173198260847
บริษัท ปูนซิเมนต์ไทย(ท่าหลวง) จำกัด (โรงงานมอร์ตาร์เขาวง),Cement/Quarry/Stone,14.68097,100.85561,1.843618321058259
โรงงานคอนกรีตผสมเสร็จเขาวง,Cement/Quarry/Stone,14.68124,100.85619,1.7751990700049922
บริษัท ปูนซิเมนต์ไทย (ท่าหลวง) จำกัด โรงงานเขาวง,Cement/Quarry/Stone,14.67805,100.85192,2.3264195669316923
บริษัท ปฐมวัฒนพาณิชย์การแร่ จำกัด,Waste/Recycling,14.6966179266039,100.8397336659,3.671499191014896
โรงงานสยามผลิตภัณฑ์ปูนขาว,Cement/Quarry/Stone,14.646692,100.801894,8.706840172539922
บริษัท เคมีแมน จำกัด (มหาชน),Cement/Quarry/Stone,14.64199,100.79972,9.176959777513764
บริษัท สุธากัญจน์ จำกัด (มหาชน),Cement/Quarry/Stone,14.6449719,100.7252272,16.42902316872586
บริษัท ยกแปด จำกัด,Cement/Quarry/Stone,14.65401,100.79917,8.596006507966711
บริษัท สามัคคีผลิตภัณฑ์คอนกรีต จำกัด,Cement/Quarry/Stone,14.6421,100.80256,8.912922105905057
บริษัท ที.พี.ซี.คอนกรีตอัดแรง จำกัด,Cement/Quarry/Stone,14.62308,100.82342,8.717669647993018
บริษัท วังวิเศษเมทอล จำกัด,Waste/Recycling,14.617939,100.824752,9.10087109988516
บริษัท เหมืองหินศิริพัฒนา จำกัด,Cement/Quarry/Stone,14.7003,100.78006,10.01850794697042
บริษัท สุธากัญจน์ จำกัด (มหาชน),Cement/Quarry/Stone,14.70291,100.78088,9.982524125553804
บริษัท กรุงเทพ ซี.เอ.โอ จำกัด,Cement/Quarry/Stone,14.66678,100.77027,11.145561508830328
บริษัท ปูนซีเมนต์เอเซีย จำกัด (มหาชน),Cement/Quarry/Stone,14.66809,100.80467,7.505960614517646
บริษัท สระบุรีศิริพัฒนา จำกัด,Cement/Quarry/Stone,14.68667,100.77642,10.280770213647497
บริษัท พี แอนด์ พี คอนกรีต จำกัด,Cement/Quarry/Stone,14.70678,100.78287,9.865045006526914
บริษัท อีโคแมท จำกัด,Cement/Quarry/Stone,14.66667,100.77042,11.13205855747521
บริษัท เอเซียซีเมนต์ เอ็นเนอจี คอนเซอร์เวชั่น จำกัด,Power/Energy,14.6683064,100.8025354,7.721622315986776
ห้างหุ้นส่วนจำกัด บี.เอส.อินเตอร์ ซัพพลาย,Cement/Quarry/Stone,14.6606,100.76779,11.55509867851684
บริษัท ปูนซีเมนต์เอเซีย จำกัด (มหาชน),Cement/Quarry/Stone,14.66809,100.80467,7.505960614517646
ห้างหุ้นส่วนจำกัด ปรีดาโลหะกิจ,Waste/Recycling,14.67558,100.77406,10.59597495426878
บริษัท ยูนิค เอ็นจิเนียริ่ง แอนด์ คอนสตรัคชั่น จำกัด (มหาชน),Cement/Quarry/Stone,14.670185398782,100.7436524914,13.914621358202206
บริษัท ยูนิค เอ็นจิเนียริ่ง แอนด์ คอนสตรัคชั่น จำกัด (มหาชน),Cement/Quarry/Stone,14.6861993917695,100.7443924821,13.725369048182856
บริษัท บีซีพีจี จำกัด (มหาชน) สาขาองค์การสงเคราะห์ทหารผ่านศึก(สำนักงานสงเคราะห์ทหารผ่านศึกเขตลพบุรี),Power/Energy,14.6825398990268,100.7629131496,11.7389965066278
